taxi_id,date,route,timestamps,stops
200003379992,2013-07-02,"[[-8.656812, 41.161473], [-8.656812, 41.161473], [-8.656497, 41.161653], [-8.655606, 41.16213], [-8.655372, 41.162211], [-8.652861, 41.161815], [-8.649513, 41.161257], [-8.646111000000001, 41.160681], [-8.643042, 41.160213], [-8.640054, 41.159718], [-8.636859, 41.159196], [-8.636058, 41.159061], [-8.63604, 41.159043], [-8.635734, 41.158989], [-8.633367, 41.158575], [-8.632413, 41.157657], [-8.632053, 41.157279], [-8.631225, 41.156694], [-8.630172, 41.15727], [-8.628867, 41.156973], [-8.628723, 41.156937], [-8.627931, 41.157891], [-8.626833, 41.158872], [-8.624925, 41.159781], [-8.624871, 41.15979], [-8.624151, 41.160087], [-8.622126, 41.160411], [-8.621109, 41.160852], [-8.620416, 41.161662], [-8.619057, 41.162319], [-8.617437, 41.162472], [-8.616717, 41.162436], [-8.615754, 41.162283], [-8.614449, 41.162112], [-8.614422, 41.162121], [-8.614134, 41.162076], [-8.612307000000001, 41.161851], [-8.610282, 41.161608], [-8.608041, 41.161158], [-8.605827, 41.160735], [-8.604099, 41.160249], [-8.601696, 41.15961], [-8.601354, 41.159529], [-8.601345, 41.159529], [-8.601372, 41.158818], [-8.60202, 41.157045], [-8.602821, 41.15511], [-8.603001, 41.15468700000001], [-8.603244, 41.154624], [-8.603244, 41.154642], [-8.603253, 41.154642], [-8.603262000000003, 41.15466], [-8.603271, 41.154669], [-8.604489608108107, 41.15475170270271], [-8.6047405425, 41.15458147499999], [-8.604976016286646, 41.15359240065146], [-8.606118441176472, 41.15396038235294], [-8.607821901639342, 41.15369434426229], [-8.6095035, 41.15355291477273], [-8.609628271532847, 41.153665572262774], [-8.610381, 41.153742], [-8.610354, 41.153751], [-8.610813, 41.153616], [-8.611902, 41.153625], [-8.611938, 41.154714], [-8.613072, 41.155137], [-8.614458, 41.155434], [-8.616951, 41.155857], [-8.618157, 41.156136], [-8.619957, 41.156307], [-8.621955, 41.156649], [-8.624133, 41.15707200000001], [-8.626572, 41.157531], [-8.627733, 41.157765], [-8.627805, 41.157657], [-8.628021, 41.157828], [-8.628084, 41.158341], [-8.629632, 41.158719000000005], [-8.630235, 41.157486], [-8.631459, 41.156829], [-8.632611, 41.1579], [-8.633907, 41.158755], [-8.63559, 41.159052], [-8.635923, 41.159061], [-8.638362, 41.159223], [-8.640873, 41.159871], [-8.643456, 41.160384], [-8.643708, 41.160438], [-8.643753, 41.160447], [-8.643843, 41.161113], [-8.643744, 41.162022], [-8.644689, 41.162292], [-8.644779, 41.1624], [-8.644851, 41.162418], [-8.644851, 41.162445000000005], [-8.645022, 41.162517]]","[Timestamp('2013-07-02 00:59:54'), Timestamp('2013-07-02 01:00:09'), Timestamp('2013-07-02 01:00:24'), Timestamp('2013-07-02 01:00:39'), Timestamp('2013-07-02 01:00:54'), Timestamp('2013-07-02 01:01:09'), Timestamp('2013-07-02 01:01:24'), Timestamp('2013-07-02 01:01:39'), Timestamp('2013-07-02 01:01:54'), Timestamp('2013-07-02 01:02:09'), Timestamp('2013-07-02 01:02:24'), Timestamp('2013-07-02 01:02:39'), Timestamp('2013-07-02 01:02:54'), Timestamp('2013-07-02 01:03:09'), Timestamp('2013-07-02 01:03:24'), Timestamp('2013-07-02 01:03:39'), Timestamp('2013-07-02 01:03:54'), Timestamp('2013-07-02 01:04:09'), Timestamp('2013-07-02 01:04:24'), Timestamp('2013-07-02 01:04:39'), Timestamp('2013-07-02 01:04:54'), Timestamp('2013-07-02 01:05:09'), Timestamp('2013-07-02 01:05:24'), Timestamp('2013-07-02 01:05:39'), Timestamp('2013-07-02 01:05:54'), Timestamp('2013-07-02 01:06:09'), Timestamp('2013-07-02 01:06:24'), Timestamp('2013-07-02 01:06:39'), Timestamp('2013-07-02 01:06:54'), Timestamp('2013-07-02 01:07:09'), Timestamp('2013-07-02 01:07:24'), Timestamp('2013-07-02 01:07:39'), Timestamp('2013-07-02 01:07:54'), Timestamp('2013-07-02 01:08:09'), Timestamp('2013-07-02 01:08:24'), Timestamp('2013-07-02 01:08:39'), Timestamp('2013-07-02 01:08:54'), Timestamp('2013-07-02 01:09:09'), Timestamp('2013-07-02 01:09:24'), Timestamp('2013-07-02 01:09:39'), Timestamp('2013-07-02 01:09:54'), Timestamp('2013-07-02 01:10:09'), Timestamp('2013-07-02 01:10:24'), Timestamp('2013-07-02 01:10:39'), Timestamp('2013-07-02 01:10:54'), Timestamp('2013-07-02 01:11:09'), Timestamp('2013-07-02 01:11:24'), Timestamp('2013-07-02 01:11:39'), Timestamp('2013-07-02 01:11:54'), Timestamp('2013-07-02 01:12:09'), Timestamp('2013-07-02 01:12:24'), Timestamp('2013-07-02 01:12:39'), Timestamp('2013-07-02 01:12:54'), Timestamp('2013-07-02 01:13:02'), Timestamp('2013-07-02 01:13:06'), Timestamp('2013-07-02 01:13:21'), Timestamp('2013-07-02 01:16:09'), Timestamp('2013-07-02 01:18:22'), Timestamp('2013-07-02 01:18:41'), Timestamp('2013-07-02 01:20:24'), Timestamp('2013-07-02 01:21:16'), Timestamp('2013-07-02 01:21:31'), Timestamp('2013-07-02 01:21:46'), Timestamp('2013-07-02 01:22:01'), Timestamp('2013-07-02 01:22:16'), Timestamp('2013-07-02 01:22:31'), Timestamp('2013-07-02 01:22:46'), Timestamp('2013-07-02 01:23:01'), Timestamp('2013-07-02 01:23:16'), Timestamp('2013-07-02 01:23:31'), Timestamp('2013-07-02 01:23:46'), Timestamp('2013-07-02 01:24:01'), Timestamp('2013-07-02 01:24:16'), Timestamp('2013-07-02 01:24:31'), Timestamp('2013-07-02 01:24:46'), Timestamp('2013-07-02 01:25:01'), Timestamp('2013-07-02 01:25:16'), Timestamp('2013-07-02 01:25:31'), Timestamp('2013-07-02 01:25:46'), Timestamp('2013-07-02 01:26:01'), Timestamp('2013-07-02 01:26:16'), Timestamp('2013-07-02 01:26:31'), Timestamp('2013-07-02 01:26:46'), Timestamp('2013-07-02 01:27:01'), Timestamp('2013-07-02 01:27:16'), Timestamp('2013-07-02 01:27:31'), Timestamp('2013-07-02 01:27:46'), Timestamp('2013-07-02 01:28:01'), Timestamp('2013-07-02 01:28:16'), Timestamp('2013-07-02 01:28:31'), Timestamp('2013-07-02 01:28:46'), Timestamp('2013-07-02 01:29:01'), Timestamp('2013-07-02 01:29:16'), Timestamp('2013-07-02 01:29:31'), Timestamp('2013-07-02 01:29:46'), Timestamp('2013-07-02 01:30:01')]","[0, 52, 60, 94]"
200002169991,2013-07-03,"[[-8.641548, 41.184549], [-8.641539, 41.184558], [-8.641188, 41.184414], [-8.641233, 41.18445], [-8.641476, 41.184513], [-8.641125, 41.185395], [-8.640621, 41.186367], [-8.640225, 41.187393], [-8.639568000000002, 41.189256], [-8.639469, 41.19084], [-8.639505, 41.192433], [-8.639541, 41.194152], [-8.639577, 41.19588], [-8.640144, 41.196564], [-8.640972, 41.196141], [-8.640954, 41.196636], [-8.640945, 41.196645], [-8.640936, 41.196645], [-8.640981, 41.196699], [-8.640954, 41.196348], [-8.640333, 41.19615], [-8.63991, 41.196591], [-8.639145, 41.196708], [-8.638344, 41.196312], [-8.636958, 41.195115], [-8.635401, 41.193909], [-8.634312, 41.192748], [-8.633646, 41.192118], [-8.633376, 41.190966], [-8.632809, 41.189238], [-8.632413, 41.187789], [-8.632026, 41.186151], [-8.631594, 41.184342], [-8.630901, 41.182479], [-8.630163, 41.180706], [-8.629731, 41.179698], [-8.629209, 41.178546], [-8.628237, 41.176539], [-8.62749, 41.174757], [-8.626383, 41.172714], [-8.625906, 41.170536], [-8.625447, 41.168331], [-8.625627, 41.1669], [-8.626113, 41.166882], [-8.626194, 41.166891], [-8.627103, 41.166441], [-8.62893, 41.165847], [-8.630847, 41.165037], [-8.631675, 41.164668], [-8.633439, 41.163849], [-8.635626000000002, 41.164065], [-8.636274, 41.16429], [-8.637705, 41.164668], [-8.638965, 41.164965], [-8.64018, 41.164992], [-8.641845, 41.165001], [-8.642331, 41.165154], [-8.642331, 41.165145], [-8.642322, 41.165181], [-8.642673, 41.1651], [-8.643123, 41.163903], [-8.643564, 41.162409], [-8.644869, 41.162418], [-8.646057, 41.162481], [-8.646705, 41.161671], [-8.648082, 41.161941], [-8.648514, 41.162004], [-8.648514, 41.162022]]","[Timestamp('2013-07-03 00:22:32'), Timestamp('2013-07-03 00:22:47'), Timestamp('2013-07-03 00:23:02'), Timestamp('2013-07-03 00:23:17'), Timestamp('2013-07-03 00:23:32'), Timestamp('2013-07-03 00:23:47'), Timestamp('2013-07-03 00:24:05'), Timestamp('2013-07-03 00:24:20'), Timestamp('2013-07-03 00:24:35'), Timestamp('2013-07-03 00:24:50'), Timestamp('2013-07-03 00:25:05'), Timestamp('2013-07-03 00:25:20'), Timestamp('2013-07-03 00:25:35'), Timestamp('2013-07-03 00:25:50'), Timestamp('2013-07-03 00:26:05'), Timestamp('2013-07-03 00:26:20'), Timestamp('2013-07-03 00:26:35'), Timestamp('2013-07-03 00:26:50'), Timestamp('2013-07-03 00:27:05'), Timestamp('2013-07-03 00:27:20'), Timestamp('2013-07-03 00:27:35'), Timestamp('2013-07-03 00:27:50'), Timestamp('2013-07-03 00:28:05'), Timestamp('2013-07-03 00:28:20'), Timestamp('2013-07-03 00:28:35'), Timestamp('2013-07-03 00:28:50'), Timestamp('2013-07-03 00:29:05'), Timestamp('2013-07-03 00:29:20'), Timestamp('2013-07-03 00:29:35'), Timestamp('2013-07-03 00:29:50'), Timestamp('2013-07-03 00:30:05'), Timestamp('2013-07-03 00:30:20'), Timestamp('2013-07-03 00:30:35'), Timestamp('2013-07-03 00:30:50'), Timestamp('2013-07-03 00:31:05'), Timestamp('2013-07-03 00:31:20'), Timestamp('2013-07-03 00:31:35'), Timestamp('2013-07-03 00:31:50'), Timestamp('2013-07-03 00:32:05'), Timestamp('2013-07-03 00:32:20'), Timestamp('2013-07-03 00:32:35'), Timestamp('2013-07-03 00:32:50'), Timestamp('2013-07-03 00:33:05'), Timestamp('2013-07-03 00:33:20'), Timestamp('2013-07-03 00:33:35'), Timestamp('2013-07-03 00:33:50'), Timestamp('2013-07-03 00:34:05'), Timestamp('2013-07-03 00:34:20'), Timestamp('2013-07-03 00:34:35'), Timestamp('2013-07-03 00:34:50'), Timestamp('2013-07-03 00:35:05'), Timestamp('2013-07-03 00:35:20'), Timestamp('2013-07-03 00:35:35'), Timestamp('2013-07-03 00:35:50'), Timestamp('2013-07-03 00:36:05'), Timestamp('2013-07-03 00:36:20'), Timestamp('2013-07-03 00:36:35'), Timestamp('2013-07-03 00:36:50'), Timestamp('2013-07-03 00:37:05'), Timestamp('2013-07-03 00:37:20'), Timestamp('2013-07-03 00:37:35'), Timestamp('2013-07-03 00:37:50'), Timestamp('2013-07-03 00:38:05'), Timestamp('2013-07-03 00:38:20'), Timestamp('2013-07-03 00:38:35'), Timestamp('2013-07-03 00:38:50'), Timestamp('2013-07-03 00:39:05'), Timestamp('2013-07-03 00:39:20')]","[0, 5, 67]"
200003109991,2013-07-04,"[[-8.610012, 41.140899], [-8.611011, 41.141313], [-8.613774, 41.141376], [-8.614647, 41.141493], [-8.614332, 41.142492], [-8.61399, 41.142978], [-8.613774, 41.143167000000005], [-8.613432, 41.143428], [-8.61345, 41.143491], [-8.613468, 41.143518], [-8.613225, 41.143527], [-8.612919, 41.143734], [-8.612802, 41.143797], [-8.612802, 41.143824], [-8.612496, 41.144022], [-8.612424, 41.144166], [-8.612253, 41.144265], [-8.611785, 41.14458], [-8.611434, 41.144769000000004], [-8.611344, 41.144814000000004], [-8.611263, 41.144868], [-8.610741, 41.145759], [-8.60994, 41.146506], [-8.608833, 41.146992], [-8.608554, 41.147487], [-8.607978, 41.148486], [-8.607132, 41.150259], [-8.606079, 41.152059], [-8.605026, 41.153265], [-8.604639, 41.154489], [-8.604729, 41.15466], [-8.604702, 41.156037], [-8.604585, 41.158764000000005], [-8.604657, 41.160267], [-8.602884000000001, 41.159943], [-8.601282, 41.159484], [-8.6013, 41.159493], [-8.601309, 41.159502], [-8.599239, 41.158971], [-8.596971, 41.159475], [-8.593713, 41.160483], [-8.59194, 41.161041], [-8.590536000000002, 41.162814], [-8.588943, 41.16501], [-8.588646, 41.165892], [-8.587701, 41.168034000000006], [-8.587053, 41.169285], [-8.586711, 41.169951], [-8.586639, 41.170032], [-8.586639, 41.170041], [-8.58663, 41.170041], [-8.58663, 41.17006800000001], [-8.586621, 41.170059], [-8.58663, 41.170041], [-8.586621, 41.170032], [-8.586621, 41.170023], [-8.586621, 41.170032], [-8.586612, 41.170032], [-8.586594000000002, 41.170032], [-8.586612, 41.170032], [-8.586603, 41.170032], [-8.587152, 41.169231], [-8.587251, 41.169069], [-8.588043, 41.167494], [-8.589015, 41.165262000000006], [-8.590176, 41.163372], [-8.591436, 41.161986], [-8.59248, 41.160186], [-8.593389, 41.158431], [-8.594091, 41.156865], [-8.59464, 41.156325], [-8.595414, 41.154939], [-8.595441, 41.154777], [-8.595729, 41.154174], [-8.596737, 41.15260800000001], [-8.598204000000003, 41.150268], [-8.599527, 41.14944], [-8.600409, 41.149305], [-8.600733, 41.148297], [-8.601489, 41.147442], [-8.601975, 41.147145], [-8.603505, 41.146641], [-8.603721, 41.146605], [-8.604414, 41.146137], [-8.605053, 41.145705], [-8.604981, 41.145651]]","[Timestamp('2013-07-04 00:32:54'), Timestamp('2013-07-04 00:33:09'), Timestamp('2013-07-04 00:33:24'), Timestamp('2013-07-04 00:33:39'), Timestamp('2013-07-04 00:33:54'), Timestamp('2013-07-04 00:34:09'), Timestamp('2013-07-04 00:34:24'), Timestamp('2013-07-04 00:34:39'), Timestamp('2013-07-04 00:34:54'), Timestamp('2013-07-04 00:35:09'), Timestamp('2013-07-04 00:35:24'), Timestamp('2013-07-04 00:35:39'), Timestamp('2013-07-04 00:35:54'), Timestamp('2013-07-04 00:36:09'), Timestamp('2013-07-04 00:36:24'), Timestamp('2013-07-04 00:36:39'), Timestamp('2013-07-04 00:36:54'), Timestamp('2013-07-04 00:37:09'), Timestamp('2013-07-04 00:37:24'), Timestamp('2013-07-04 00:37:39'), Timestamp('2013-07-04 00:37:54'), Timestamp('2013-07-04 00:38:09'), Timestamp('2013-07-04 00:38:24'), Timestamp('2013-07-04 00:38:39'), Timestamp('2013-07-04 00:38:54'), Timestamp('2013-07-04 00:39:09'), Timestamp('2013-07-04 00:39:24'), Timestamp('2013-07-04 00:39:39'), Timestamp('2013-07-04 00:39:54'), Timestamp('2013-07-04 00:40:09'), Timestamp('2013-07-04 00:40:24'), Timestamp('2013-07-04 00:40:39'), Timestamp('2013-07-04 00:40:54'), Timestamp('2013-07-04 00:41:09'), Timestamp('2013-07-04 00:41:24'), Timestamp('2013-07-04 00:41:39'), Timestamp('2013-07-04 00:41:54'), Timestamp('2013-07-04 00:42:09'), Timestamp('2013-07-04 00:42:24'), Timestamp('2013-07-04 00:42:39'), Timestamp('2013-07-04 00:42:54'), Timestamp('2013-07-04 00:43:09'), Timestamp('2013-07-04 00:43:24'), Timestamp('2013-07-04 00:43:39'), Timestamp('2013-07-04 00:43:54'), Timestamp('2013-07-04 00:44:09'), Timestamp('2013-07-04 00:44:24'), Timestamp('2013-07-04 00:44:39'), Timestamp('2013-07-04 00:44:54'), Timestamp('2013-07-04 00:45:09'), Timestamp('2013-07-04 00:45:24'), Timestamp('2013-07-04 00:45:39'), Timestamp('2013-07-04 00:45:54'), Timestamp('2013-07-04 00:46:09'), Timestamp('2013-07-04 00:46:24'), Timestamp('2013-07-04 00:46:39'), Timestamp('2013-07-04 00:46:54'), Timestamp('2013-07-04 00:47:09'), Timestamp('2013-07-04 00:47:24'), Timestamp('2013-07-04 00:47:39'), Timestamp('2013-07-04 00:47:54'), Timestamp('2013-07-04 00:54:08'), Timestamp('2013-07-04 00:54:23'), Timestamp('2013-07-04 00:54:38'), Timestamp('2013-07-04 00:54:53'), Timestamp('2013-07-04 00:55:08'), Timestamp('2013-07-04 00:55:23'), Timestamp('2013-07-04 00:55:38'), Timestamp('2013-07-04 00:55:53'), Timestamp('2013-07-04 00:56:08'), Timestamp('2013-07-04 00:56:23'), Timestamp('2013-07-04 00:56:38'), Timestamp('2013-07-04 00:56:53'), Timestamp('2013-07-04 00:57:08'), Timestamp('2013-07-04 00:57:23'), Timestamp('2013-07-04 00:57:38'), Timestamp('2013-07-04 00:57:53'), Timestamp('2013-07-04 00:58:08'), Timestamp('2013-07-04 00:58:23'), Timestamp('2013-07-04 00:58:38'), Timestamp('2013-07-04 00:58:53'), Timestamp('2013-07-04 00:59:08'), Timestamp('2013-07-04 00:59:23'), Timestamp('2013-07-04 00:59:38'), Timestamp('2013-07-04 00:59:53'), Timestamp('2013-07-04 01:00:08')]","[0, 60, 85]"
200000059991,2013-07-05,"[[-8.617599, 41.14611000000001], [-8.617572, 41.145912], [-8.617302, 41.144949], [-8.615997, 41.1453], [-8.615619, 41.14548], [-8.615268, 41.146542], [-8.61525, 41.146659], [-8.615169, 41.147055], [-8.615124, 41.1471], [-8.615592, 41.147307], [-8.615871, 41.147334], [-8.616852, 41.147226], [-8.618067, 41.147685], [-8.619192, 41.148648], [-8.62011, 41.147757000000006], [-8.621919, 41.147577], [-8.622531000000002, 41.147766], [-8.622801, 41.147847], [-8.624628, 41.148423], [-8.625222, 41.14863], [-8.625717, 41.149845], [-8.625843, 41.151348], [-8.626023, 41.152023], [-8.62623, 41.152572], [-8.628102, 41.1525], [-8.628732, 41.153193], [-8.628723, 41.15349], [-8.628723, 41.153481], [-8.628741, 41.15356200000001], [-8.628786, 41.154795], [-8.628408, 41.155713], [-8.629281, 41.156523], [-8.630118, 41.155371], [-8.631918, 41.153967], [-8.632557, 41.152779], [-8.633142, 41.15265300000001], [-8.636337, 41.152536], [-8.639748, 41.153355], [-8.64315, 41.154291], [-8.646345, 41.154354], [-8.649531, 41.154192], [-8.651169000000001, 41.152977], [-8.653293, 41.152113], [-8.655795, 41.151888], [-8.657676, 41.151015], [-8.659188, 41.152356], [-8.659386, 41.15331], [-8.661879, 41.152851], [-8.663265, 41.15282400000001], [-8.664939, 41.152851], [-8.667045, 41.153049], [-8.667819, 41.153193], [-8.667801, 41.153166]]","[Timestamp('2013-07-05 00:02:12'), Timestamp('2013-07-05 00:02:27'), Timestamp('2013-07-05 00:02:42'), Timestamp('2013-07-05 00:02:57'), Timestamp('2013-07-05 00:03:12'), Timestamp('2013-07-05 00:03:27'), Timestamp('2013-07-05 00:03:42'), Timestamp('2013-07-05 00:03:57'), Timestamp('2013-07-05 00:04:12'), Timestamp('2013-07-05 00:04:27'), Timestamp('2013-07-05 00:04:42'), Timestamp('2013-07-05 00:04:57'), Timestamp('2013-07-05 00:05:12'), Timestamp('2013-07-05 00:05:27'), Timestamp('2013-07-05 00:05:42'), Timestamp('2013-07-05 00:05:57'), Timestamp('2013-07-05 00:06:12'), Timestamp('2013-07-05 00:06:27'), Timestamp('2013-07-05 00:06:42'), Timestamp('2013-07-05 00:06:57'), Timestamp('2013-07-05 00:07:12'), Timestamp('2013-07-05 00:07:27'), Timestamp('2013-07-05 00:07:42'), Timestamp('2013-07-05 00:07:57'), Timestamp('2013-07-05 00:08:12'), Timestamp('2013-07-05 00:08:27'), Timestamp('2013-07-05 00:08:42'), Timestamp('2013-07-05 00:09:01'), Timestamp('2013-07-05 00:09:16'), Timestamp('2013-07-05 00:09:31'), Timestamp('2013-07-05 00:09:46'), Timestamp('2013-07-05 00:10:01'), Timestamp('2013-07-05 00:10:16'), Timestamp('2013-07-05 00:10:31'), Timestamp('2013-07-05 00:10:46'), Timestamp('2013-07-05 00:11:01'), Timestamp('2013-07-05 00:11:16'), Timestamp('2013-07-05 00:11:31'), Timestamp('2013-07-05 00:11:46'), Timestamp('2013-07-05 00:12:01'), Timestamp('2013-07-05 00:12:16'), Timestamp('2013-07-05 00:12:31'), Timestamp('2013-07-05 00:12:46'), Timestamp('2013-07-05 00:13:01'), Timestamp('2013-07-05 00:13:16'), Timestamp('2013-07-05 00:13:31'), Timestamp('2013-07-05 00:13:46'), Timestamp('2013-07-05 00:14:01'), Timestamp('2013-07-05 00:14:16'), Timestamp('2013-07-05 00:14:31'), Timestamp('2013-07-05 00:14:46'), Timestamp('2013-07-05 00:15:01'), Timestamp('2013-07-05 00:15:16')]","[0, 26, 52]"
200005209991,2013-07-05,"[[-8.629452000000002, 41.152509], [-8.631702, 41.152716], [-8.634114, 41.152563], [-8.636553, 41.152689], [-8.638641, 41.153166], [-8.640819, 41.153661], [-8.643186000000002, 41.154282], [-8.643726, 41.154876], [-8.643699, 41.156073], [-8.64351, 41.157036], [-8.64369313483146, 41.15598148314607], [-8.642448590163934, 41.15719549180328], [-8.641596499999997, 41.15665650000001], [-8.639604470588235, 41.156187764705884], [-8.636511753363228, 41.15762911210763], [-8.635950833333332, 41.15788266666667], [-8.634477063829786, 41.15758634042554], [-8.63309336423841, 41.157744973509935], [-8.632309032467534, 41.15758101623376], [-8.631471154205606, 41.15665888317756], [-8.630609543199315, 41.15710699144569], [-8.630222053435116, 41.157561251908405], [-8.629572621951219, 41.15699989024391], [-8.629600240837696, 41.15645057591623], [-8.62989664019851, 41.15575098759305], [-8.630271724700764, 41.15501377149076], [-8.630658024390245, 41.15376695121951], [-8.630606722543352, 41.152823999999995], [-8.630571755905512, 41.15193661417322], [-8.629714733711047, 41.15153812181303], [-8.628790549815498, 41.1520953099631], [-8.62801108518877, 41.1524204375605], [-8.626556576402322, 41.15216080270793], [-8.625497379008747, 41.152484099125374], [-8.623486437262358, 41.152857365019], [-8.621294201104973, 41.15271115690608], [-8.620987642758621, 41.15210860551724], [-8.622361975609756, 41.15113880487805], [-8.623348412536444, 41.15117344460642], [-8.622937875, 41.149698], [-8.623005488372094, 41.149437488372094], [-8.622837115384616, 41.1493618846154], [-8.621388831932773, 41.14956501680673], [-8.620998688715954, 41.149542817120626], [-8.620168736842105, 41.14975547368421], [-8.619297, 41.149803], [-8.61790725, 41.15004705], [-8.617698661764704, 41.14960967647059], [-8.618072719626168, 41.14840668224299], [-8.618866064643802, 41.1485735065963], [-8.619654651639346, 41.148276713114754], [-8.620362744360902, 41.14745411278196], [-8.620268791304348, 41.146635365217385], [-8.618675180090499, 41.146242361085974], [-8.617637467741936, 41.14630930645162], [-8.616926279112755, 41.144838171903885], [-8.6156517, 41.145469275], [-8.614107, 41.146299], [-8.614125, 41.14629], [-8.614665, 41.146605], [-8.615304, 41.146668], [-8.615538, 41.145867], [-8.615502, 41.145795], [-8.615511, 41.145786], [-8.615511, 41.145732], [-8.614863000000001, 41.145759], [-8.613576, 41.145867], [-8.611857, 41.146038], [-8.611812, 41.14602], [-8.611821, 41.14602], [-8.611308, 41.146065], [-8.610048, 41.146443], [-8.608959, 41.146992], [-8.608824, 41.14719], [-8.608572, 41.147577], [-8.607924, 41.148783], [-8.607159, 41.150259], [-8.606151, 41.150943], [-8.605305, 41.151015], [-8.604198, 41.151015], [-8.602731, 41.151096], [-8.602389, 41.151114], [-8.602326, 41.151933], [-8.602416, 41.153598], [-8.602425, 41.156046], [-8.601966, 41.157243], [-8.602065, 41.157198], [-8.602092, 41.157189], [-8.602083, 41.157189]]","[Timestamp('2013-07-05 00:05:21'), Timestamp('2013-07-05 00:05:36'), Timestamp('2013-07-05 00:05:51'), Timestamp('2013-07-05 00:06:06'), Timestamp('2013-07-05 00:06:21'), Timestamp('2013-07-05 00:06:36'), Timestamp('2013-07-05 00:06:51'), Timestamp('2013-07-05 00:07:06'), Timestamp('2013-07-05 00:07:21'), Timestamp('2013-07-05 00:07:36'), Timestamp('2013-07-05 00:07:52'), Timestamp('2013-07-05 00:08:13'), Timestamp('2013-07-05 00:08:25'), Timestamp('2013-07-05 00:08:52'), Timestamp('2013-07-05 00:09:14'), Timestamp('2013-07-05 00:09:28'), Timestamp('2013-07-05 00:09:58'), Timestamp('2013-07-05 00:10:32'), Timestamp('2013-07-05 00:10:46'), Timestamp('2013-07-05 00:10:57'), Timestamp('2013-07-05 00:12:31'), Timestamp('2013-07-05 00:13:55'), Timestamp('2013-07-05 00:14:04'), Timestamp('2013-07-05 00:14:16'), Timestamp('2013-07-05 00:14:31'), Timestamp('2013-07-05 00:14:45'), Timestamp('2013-07-05 00:15:09'), Timestamp('2013-07-05 00:15:31'), Timestamp('2013-07-05 00:15:54'), Timestamp('2013-07-05 00:16:12'), Timestamp('2013-07-05 00:16:27'), Timestamp('2013-07-05 00:16:31'), Timestamp('2013-07-05 00:16:49'), Timestamp('2013-07-05 00:17:08'), Timestamp('2013-07-05 00:17:43'), Timestamp('2013-07-05 00:18:20'), Timestamp('2013-07-05 00:18:32'), Timestamp('2013-07-05 00:18:49'), Timestamp('2013-07-05 00:19:01'), Timestamp('2013-07-05 00:19:18'), Timestamp('2013-07-05 00:19:21'), Timestamp('2013-07-05 00:19:21'), Timestamp('2013-07-05 00:19:35'), Timestamp('2013-07-05 00:19:38'), Timestamp('2013-07-05 00:19:47'), Timestamp('2013-07-05 00:19:55'), Timestamp('2013-07-05 00:20:10'), Timestamp('2013-07-05 00:20:23'), Timestamp('2013-07-05 00:20:43'), Timestamp('2013-07-05 00:20:53'), Timestamp('2013-07-05 00:21:02'), Timestamp('2013-07-05 00:21:21'), Timestamp('2013-07-05 00:21:56'), Timestamp('2013-07-05 00:22:12'), Timestamp('2013-07-05 00:22:21'), Timestamp('2013-07-05 00:22:43'), Timestamp('2013-07-05 00:23:03'), Timestamp('2013-07-05 00:24:21'), Timestamp('2013-07-05 00:24:36'), Timestamp('2013-07-05 00:24:51'), Timestamp('2013-07-05 00:25:06'), Timestamp('2013-07-05 00:25:21'), Timestamp('2013-07-05 00:25:36'), Timestamp('2013-07-05 00:25:51'), Timestamp('2013-07-05 00:26:06'), Timestamp('2013-07-05 00:26:21'), Timestamp('2013-07-05 00:26:36'), Timestamp('2013-07-05 00:26:51'), Timestamp('2013-07-05 00:27:06'), Timestamp('2013-07-05 00:27:21'), Timestamp('2013-07-05 00:27:36'), Timestamp('2013-07-05 00:27:51'), Timestamp('2013-07-05 00:28:06'), Timestamp('2013-07-05 00:28:21'), Timestamp('2013-07-05 00:28:36'), Timestamp('2013-07-05 00:28:51'), Timestamp('2013-07-05 00:29:06'), Timestamp('2013-07-05 00:29:21'), Timestamp('2013-07-05 00:29:36'), Timestamp('2013-07-05 00:29:51'), Timestamp('2013-07-05 00:30:06'), Timestamp('2013-07-05 00:30:21'), Timestamp('2013-07-05 00:30:36'), Timestamp('2013-07-05 00:30:51'), Timestamp('2013-07-05 00:31:06'), Timestamp('2013-07-05 00:31:21'), Timestamp('2013-07-05 00:31:36'), Timestamp('2013-07-05 00:31:51'), Timestamp('2013-07-05 00:32:06')]","[0, 9, 57, 88]"
200001719991,2013-07-06,"[[-8.628804, 41.160996], [-8.628453, 41.160762], [-8.628795, 41.15952], [-8.629353, 41.158863], [-8.629767000000001, 41.158692], [-8.6301, 41.157567], [-8.628939, 41.156964], [-8.628444, 41.156838], [-8.627535, 41.155677], [-8.626959, 41.154768], [-8.626419, 41.153337], [-8.626248, 41.152707], [-8.625942, 41.151006], [-8.625591, 41.149107], [-8.623962, 41.14809], [-8.621793, 41.147505], [-8.620317, 41.14692], [-8.619219, 41.146164], [-8.61786, 41.146371], [-8.617635, 41.146344], [-8.617662, 41.146182], [-8.617653, 41.14615500000001], [-8.617509, 41.145435], [-8.617473000000002, 41.145012], [-8.617419000000002, 41.144535], [-8.617833, 41.143878], [-8.618013, 41.143311], [-8.617383, 41.142852], [-8.616906, 41.142609], [-8.616924, 41.142564], [-8.616465, 41.14269], [-8.615331, 41.142699], [-8.615277, 41.141178], [-8.615196, 41.140818], [-8.613972, 41.141313], [-8.612955, 41.141781], [-8.609229, 41.140881], [-8.607753, 41.141232], [-8.606268, 41.141574], [-8.604486, 41.141799], [-8.602587, 41.141898], [-8.600472, 41.142006], [-8.598807, 41.141574], [-8.597259, 41.140899], [-8.595387, 41.140053], [-8.593686, 41.13999], [-8.591652000000002, 41.140161], [-8.589825, 41.140467], [-8.588439, 41.141385], [-8.587431, 41.142321], [-8.586198, 41.143347], [-8.58438, 41.14359], [-8.582697, 41.143734], [-8.581104, 41.14368], [-8.57952, 41.14404], [-8.5779, 41.144544], [-8.576577, 41.144184], [-8.573958, 41.143923], [-8.572554, 41.144175], [-8.570448, 41.145075], [-8.56926, 41.146569], [-8.567685, 41.145867], [-8.566497, 41.144418], [-8.565057, 41.14458], [-8.563788, 41.14476], [-8.562276, 41.144643], [-8.561943, 41.145003], [-8.563068, 41.144841]]","[Timestamp('2013-07-06 00:15:20'), Timestamp('2013-07-06 00:15:35'), Timestamp('2013-07-06 00:15:50'), Timestamp('2013-07-06 00:16:05'), Timestamp('2013-07-06 00:16:20'), Timestamp('2013-07-06 00:16:35'), Timestamp('2013-07-06 00:16:50'), Timestamp('2013-07-06 00:17:05'), Timestamp('2013-07-06 00:17:20'), Timestamp('2013-07-06 00:17:35'), Timestamp('2013-07-06 00:17:50'), Timestamp('2013-07-06 00:18:05'), Timestamp('2013-07-06 00:18:20'), Timestamp('2013-07-06 00:18:35'), Timestamp('2013-07-06 00:18:50'), Timestamp('2013-07-06 00:19:05'), Timestamp('2013-07-06 00:19:20'), Timestamp('2013-07-06 00:19:35'), Timestamp('2013-07-06 00:19:50'), Timestamp('2013-07-06 00:20:05'), Timestamp('2013-07-06 00:34:44'), Timestamp('2013-07-06 00:34:59'), Timestamp('2013-07-06 00:35:14'), Timestamp('2013-07-06 00:35:29'), Timestamp('2013-07-06 00:35:44'), Timestamp('2013-07-06 00:35:59'), Timestamp('2013-07-06 00:36:14'), Timestamp('2013-07-06 00:36:29'), Timestamp('2013-07-06 00:36:44'), Timestamp('2013-07-06 00:36:59'), Timestamp('2013-07-06 00:37:14'), Timestamp('2013-07-06 00:37:29'), Timestamp('2013-07-06 00:37:44'), Timestamp('2013-07-06 00:37:59'), Timestamp('2013-07-06 00:38:14'), Timestamp('2013-07-06 00:38:29'), Timestamp('2013-07-06 00:38:44'), Timestamp('2013-07-06 00:38:59'), Timestamp('2013-07-06 00:39:14'), Timestamp('2013-07-06 00:39:29'), Timestamp('2013-07-06 00:39:44'), Timestamp('2013-07-06 00:39:59'), Timestamp('2013-07-06 00:40:14'), Timestamp('2013-07-06 00:40:29'), Timestamp('2013-07-06 00:40:44'), Timestamp('2013-07-06 00:40:59'), Timestamp('2013-07-06 00:41:14'), Timestamp('2013-07-06 00:41:29'), Timestamp('2013-07-06 00:41:44'), Timestamp('2013-07-06 00:41:59'), Timestamp('2013-07-06 00:42:14'), Timestamp('2013-07-06 00:42:29'), Timestamp('2013-07-06 00:42:44'), Timestamp('2013-07-06 00:42:59'), Timestamp('2013-07-06 00:43:14'), Timestamp('2013-07-06 00:43:29'), Timestamp('2013-07-06 00:43:44'), Timestamp('2013-07-06 00:43:59'), Timestamp('2013-07-06 00:44:14'), Timestamp('2013-07-06 00:44:29'), Timestamp('2013-07-06 00:44:44'), Timestamp('2013-07-06 00:44:59'), Timestamp('2013-07-06 00:45:14'), Timestamp('2013-07-06 00:45:29'), Timestamp('2013-07-06 00:45:44'), Timestamp('2013-07-06 00:45:59'), Timestamp('2013-07-06 00:46:14'), Timestamp('2013-07-06 00:46:29')]","[0, 19, 67]"
200003149991,2013-07-06,"[[-8.639793, 41.15979], [-8.639865, 41.15979], [-8.640711, 41.159565], [-8.641314, 41.157702], [-8.642007, 41.155362], [-8.642169, 41.153931], [-8.639631, 41.153274], [-8.636472, 41.152536], [-8.633151, 41.152581], [-8.632278, 41.152617], [-8.630334, 41.152536], [-8.627625, 41.152383], [-8.626104, 41.152284], [-8.625852, 41.150439], [-8.62551, 41.148873], [-8.625546, 41.1489], [-8.624628, 41.148324], [-8.622666, 41.147757000000006], [-8.620551, 41.147334], [-8.620191, 41.14632600000001], [-8.619381, 41.146128], [-8.617806, 41.146353], [-8.617626, 41.146308], [-8.617635, 41.146281], [-8.617617, 41.14629], [-8.617626, 41.146137], [-8.617617, 41.146038], [-8.617428, 41.145237], [-8.616834, 41.144904], [-8.615889, 41.145336], [-8.614818, 41.145759], [-8.613567, 41.145921], [-8.612136, 41.14602], [-8.611839, 41.146065], [-8.61183, 41.146029], [-8.611326, 41.146101], [-8.610993, 41.147676], [-8.610426, 41.14926], [-8.610282, 41.150538], [-8.610273, 41.150583], [-8.609652, 41.151285], [-8.609967, 41.152113], [-8.609985, 41.153364], [-8.610003, 41.153364], [-8.609985, 41.153364], [-8.60967, 41.154507], [-8.609265, 41.155767], [-8.609193, 41.157306], [-8.608338, 41.159115], [-8.60742, 41.16101400000001], [-8.60625, 41.164641], [-8.606412, 41.167125000000006], [-8.606133000000002, 41.169357], [-8.604288, 41.171166], [-8.601705, 41.17122], [-8.597628, 41.171508], [-8.593695, 41.171103], [-8.590419, 41.168934], [-8.587413, 41.167098], [-8.587998, 41.167242], [-8.58726, 41.168889], [-8.587026, 41.169357], [-8.586081, 41.171301], [-8.584884, 41.173677], [-8.583759, 41.175918], [-8.582634, 41.178204], [-8.581959, 41.180112], [-8.581374, 41.179815], [-8.581653, 41.17959900000001], [-8.581671, 41.179608], [-8.58159, 41.17959]]","[Timestamp('2013-07-06 00:22:26'), Timestamp('2013-07-06 00:22:41'), Timestamp('2013-07-06 00:22:56'), Timestamp('2013-07-06 00:23:11'), Timestamp('2013-07-06 00:23:26'), Timestamp('2013-07-06 00:23:41'), Timestamp('2013-07-06 00:23:56'), Timestamp('2013-07-06 00:24:11'), Timestamp('2013-07-06 00:24:26'), Timestamp('2013-07-06 00:24:41'), Timestamp('2013-07-06 00:24:56'), Timestamp('2013-07-06 00:25:11'), Timestamp('2013-07-06 00:25:26'), Timestamp('2013-07-06 00:25:41'), Timestamp('2013-07-06 00:25:56'), Timestamp('2013-07-06 00:26:11'), Timestamp('2013-07-06 00:26:26'), Timestamp('2013-07-06 00:26:41'), Timestamp('2013-07-06 00:26:56'), Timestamp('2013-07-06 00:27:11'), Timestamp('2013-07-06 00:27:26'), Timestamp('2013-07-06 00:27:41'), Timestamp('2013-07-06 00:27:56'), Timestamp('2013-07-06 00:28:11'), Timestamp('2013-07-06 00:28:26'), Timestamp('2013-07-06 00:58:44'), Timestamp('2013-07-06 00:58:59'), Timestamp('2013-07-06 00:59:14'), Timestamp('2013-07-06 00:59:29'), Timestamp('2013-07-06 00:59:44'), Timestamp('2013-07-06 00:59:59'), Timestamp('2013-07-06 01:00:14'), Timestamp('2013-07-06 01:00:29'), Timestamp('2013-07-06 01:00:44'), Timestamp('2013-07-06 01:00:59'), Timestamp('2013-07-06 01:01:14'), Timestamp('2013-07-06 01:01:29'), Timestamp('2013-07-06 01:01:44'), Timestamp('2013-07-06 01:01:59'), Timestamp('2013-07-06 01:02:14'), Timestamp('2013-07-06 01:02:29'), Timestamp('2013-07-06 01:02:44'), Timestamp('2013-07-06 01:02:59'), Timestamp('2013-07-06 01:03:14'), Timestamp('2013-07-06 01:03:29'), Timestamp('2013-07-06 01:03:44'), Timestamp('2013-07-06 01:03:59'), Timestamp('2013-07-06 01:04:14'), Timestamp('2013-07-06 01:04:29'), Timestamp('2013-07-06 01:04:44'), Timestamp('2013-07-06 01:04:59'), Timestamp('2013-07-06 01:05:14'), Timestamp('2013-07-06 01:05:29'), Timestamp('2013-07-06 01:05:44'), Timestamp('2013-07-06 01:05:59'), Timestamp('2013-07-06 01:06:14'), Timestamp('2013-07-06 01:06:29'), Timestamp('2013-07-06 01:06:44'), Timestamp('2013-07-06 01:06:59'), Timestamp('2013-07-06 01:07:14'), Timestamp('2013-07-06 01:07:29'), Timestamp('2013-07-06 01:07:44'), Timestamp('2013-07-06 01:07:59'), Timestamp('2013-07-06 01:08:14'), Timestamp('2013-07-06 01:08:29'), Timestamp('2013-07-06 01:08:44'), Timestamp('2013-07-06 01:08:59'), Timestamp('2013-07-06 01:09:14'), Timestamp('2013-07-06 01:09:29'), Timestamp('2013-07-06 01:09:44'), Timestamp('2013-07-06 01:09:59')]","[0, 24, 70]"
200006339991,2013-07-07,"[[-8.585685, 41.148333], [-8.585685, 41.148567], [-8.586126, 41.14899], [-8.586162, 41.148495000000004], [-8.586504, 41.14773], [-8.586783, 41.147199], [-8.584479, 41.146416], [-8.582868, 41.145021], [-8.580798, 41.144967], [-8.579457, 41.145795], [-8.579088, 41.145894], [-8.580051, 41.146731], [-8.579187, 41.148495000000004], [-8.578980000000001, 41.150952], [-8.581032, 41.152869], [-8.582688, 41.154876], [-8.582922000000002, 41.157297], [-8.581851, 41.160078], [-8.581257, 41.163453], [-8.583372, 41.166324], [-8.587035, 41.16717], [-8.590347, 41.169015], [-8.593956, 41.171391], [-8.598231, 41.171553], [-8.60229, 41.171373], [-8.606727, 41.172435], [-8.61003, 41.174253], [-8.614224, 41.174469], [-8.618706, 41.173893], [-8.62209, 41.174217], [-8.622261, 41.176737], [-8.622162, 41.179761], [-8.622459, 41.18289300000001], [-8.624457, 41.186043], [-8.626446, 41.189067], [-8.627607, 41.190912], [-8.628381, 41.193855000000006], [-8.627706, 41.197185], [-8.627283, 41.200578], [-8.627292, 41.20407], [-8.62722, 41.20706700000001], [-8.62713, 41.209803], [-8.627049, 41.213097], [-8.62695, 41.216661], [-8.62686, 41.220081], [-8.626365, 41.222601], [-8.628813, 41.22468], [-8.63235, 41.225085], [-8.634699, 41.226669], [-8.635356, 41.227974], [-8.635329, 41.230188], [-8.637075, 41.232078], [-8.638191, 41.233194000000005], [-8.638209, 41.233203], [-8.638191, 41.233194000000005], [-8.638191, 41.233203], [-8.638218, 41.233203], [-8.638209, 41.233203], [-8.6382, 41.233203], [-8.6382, 41.233212], [-8.639037, 41.233986], [-8.639181, 41.234877], [-8.640972, 41.235849], [-8.643213, 41.238], [-8.645463, 41.240304], [-8.647614, 41.242545], [-8.648343, 41.243661], [-8.648775, 41.242878], [-8.64909, 41.241042], [-8.652087, 41.240142], [-8.655273, 41.23971], [-8.657091, 41.23944], [-8.65782, 41.239341], [-8.659233, 41.239143], [-8.661312, 41.238909], [-8.663283, 41.238504], [-8.665092, 41.238081], [-8.667621, 41.238594], [-8.669448, 41.239152], [-8.67051, 41.23971], [-8.670222, 41.239278], [-8.670834, 41.239215], [-8.670366, 41.237793], [-8.670204, 41.237145]]","[Timestamp('2013-07-07 00:03:02'), Timestamp('2013-07-07 00:03:17'), Timestamp('2013-07-07 00:03:32'), Timestamp('2013-07-07 00:03:47'), Timestamp('2013-07-07 00:04:02'), Timestamp('2013-07-07 00:04:17'), Timestamp('2013-07-07 00:04:32'), Timestamp('2013-07-07 00:04:47'), Timestamp('2013-07-07 00:05:02'), Timestamp('2013-07-07 00:05:17'), Timestamp('2013-07-07 00:05:32'), Timestamp('2013-07-07 00:05:47'), Timestamp('2013-07-07 00:06:02'), Timestamp('2013-07-07 00:06:17'), Timestamp('2013-07-07 00:06:32'), Timestamp('2013-07-07 00:06:47'), Timestamp('2013-07-07 00:07:02'), Timestamp('2013-07-07 00:07:17'), Timestamp('2013-07-07 00:07:32'), Timestamp('2013-07-07 00:07:47'), Timestamp('2013-07-07 00:08:02'), Timestamp('2013-07-07 00:08:17'), Timestamp('2013-07-07 00:08:32'), Timestamp('2013-07-07 00:08:47'), Timestamp('2013-07-07 00:09:02'), Timestamp('2013-07-07 00:09:17'), Timestamp('2013-07-07 00:09:32'), Timestamp('2013-07-07 00:09:47'), Timestamp('2013-07-07 00:10:02'), Timestamp('2013-07-07 00:10:17'), Timestamp('2013-07-07 00:10:32'), Timestamp('2013-07-07 00:10:47'), Timestamp('2013-07-07 00:11:02'), Timestamp('2013-07-07 00:11:17'), Timestamp('2013-07-07 00:11:32'), Timestamp('2013-07-07 00:11:47'), Timestamp('2013-07-07 00:12:02'), Timestamp('2013-07-07 00:12:17'), Timestamp('2013-07-07 00:12:32'), Timestamp('2013-07-07 00:12:47'), Timestamp('2013-07-07 00:13:02'), Timestamp('2013-07-07 00:13:17'), Timestamp('2013-07-07 00:13:32'), Timestamp('2013-07-07 00:13:47'), Timestamp('2013-07-07 00:14:02'), Timestamp('2013-07-07 00:14:17'), Timestamp('2013-07-07 00:14:32'), Timestamp('2013-07-07 00:14:47'), Timestamp('2013-07-07 00:15:02'), Timestamp('2013-07-07 00:15:17'), Timestamp('2013-07-07 00:15:32'), Timestamp('2013-07-07 00:15:47'), Timestamp('2013-07-07 00:16:02'), Timestamp('2013-07-07 00:16:17'), Timestamp('2013-07-07 00:16:32'), Timestamp('2013-07-07 00:16:47'), Timestamp('2013-07-07 00:17:02'), Timestamp('2013-07-07 00:17:17'), Timestamp('2013-07-07 00:17:32'), Timestamp('2013-07-07 00:17:47'), Timestamp('2013-07-07 00:18:02'), Timestamp('2013-07-07 00:18:18'), Timestamp('2013-07-07 00:18:33'), Timestamp('2013-07-07 00:18:48'), Timestamp('2013-07-07 00:19:03'), Timestamp('2013-07-07 00:19:18'), Timestamp('2013-07-07 00:19:33'), Timestamp('2013-07-07 00:19:48'), Timestamp('2013-07-07 00:20:03'), Timestamp('2013-07-07 00:20:18'), Timestamp('2013-07-07 00:20:33'), Timestamp('2013-07-07 00:20:48'), Timestamp('2013-07-07 00:21:03'), Timestamp('2013-07-07 00:21:18'), Timestamp('2013-07-07 00:21:33'), Timestamp('2013-07-07 00:21:48'), Timestamp('2013-07-07 00:22:03'), Timestamp('2013-07-07 00:22:18'), Timestamp('2013-07-07 00:22:33'), Timestamp('2013-07-07 00:22:48'), Timestamp('2013-07-07 00:23:03'), Timestamp('2013-07-07 00:23:18'), Timestamp('2013-07-07 00:23:33'), Timestamp('2013-07-07 00:23:48')]","[0, 60, 83]"
200004539993,2013-07-08,"[[-8.615187, 41.140836], [-8.614548, 41.141088], [-8.614557, 41.141142], [-8.613864, 41.141403], [-8.613477, 41.141448], [-8.61354, 41.14143], [-8.614008, 41.141295], [-8.614008, 41.141295], [-8.614494, 41.141205], [-8.614422, 41.141943], [-8.614053, 41.142843], [-8.612982, 41.143626], [-8.611641, 41.144607], [-8.610813, 41.145426], [-8.610417, 41.146137], [-8.609436000000002, 41.146758], [-8.608608, 41.147334], [-8.608032, 41.148396], [-8.607951, 41.148441], [-8.607753, 41.148873], [-8.607213, 41.150007], [-8.606448, 41.151375], [-8.60562, 41.152788], [-8.604972, 41.153418], [-8.604603, 41.154093], [-8.604567, 41.155533], [-8.604558, 41.156559], [-8.604612, 41.156667], [-8.604666, 41.156559]]","[Timestamp('2013-07-08 00:30:50'), Timestamp('2013-07-08 00:31:05'), Timestamp('2013-07-08 00:31:20'), Timestamp('2013-07-08 00:31:35'), Timestamp('2013-07-08 00:31:50'), Timestamp('2013-07-08 00:32:05'), Timestamp('2013-07-08 00:50:13'), Timestamp('2013-07-08 00:50:28'), Timestamp('2013-07-08 00:50:43'), Timestamp('2013-07-08 00:50:58'), Timestamp('2013-07-08 00:51:13'), Timestamp('2013-07-08 00:51:28'), Timestamp('2013-07-08 00:51:43'), Timestamp('2013-07-08 00:51:58'), Timestamp('2013-07-08 00:52:13'), Timestamp('2013-07-08 00:52:28'), Timestamp('2013-07-08 00:52:43'), Timestamp('2013-07-08 00:52:58'), Timestamp('2013-07-08 00:53:13'), Timestamp('2013-07-08 00:53:28'), Timestamp('2013-07-08 00:53:43'), Timestamp('2013-07-08 00:53:58'), Timestamp('2013-07-08 00:54:13'), Timestamp('2013-07-08 00:54:28'), Timestamp('2013-07-08 00:54:43'), Timestamp('2013-07-08 00:54:58'), Timestamp('2013-07-08 00:55:13'), Timestamp('2013-07-08 00:55:28'), Timestamp('2013-07-08 00:55:43')]","[0, 5, 28]"
